pos_x,pos_y,intersection_otherlane,long_accel,intersection_offroad,collision_other,end_point,rep,direction,gametimeStamp,weather,brake,steer,exp_id,throttle,lat_accel,start_point,collision_pedestrians,collision_vehicles,centerDist
71.0400390625,237.42999267578125,0.0,-3.7588712525295494e-12,0.0,0.0,8,0,0,100,8,0.0,0.0,0,0.800000011920929,-3.09398168049529e-25,34,0.0,0.0,0.36738596870321544
71.0400390625,237.42999267578125,0.0,-3.756991679643289e-12,0.0,0.0,8,0,0,150,8,0.0,0.0,0,0.800000011920929,1.9653481189593566e-24,34,0.0,0.0,0.36738596870321544
71.0400390625,237.42999267578125,0.0,-3.755115142523113e-12,0.0,0.0,8,0,0,200,8,0.0,0.0,0,0.800000011920929,3.929901676260857e-24,34,0.0,0.0,0.36738596870321544
71.0400390625,237.42999267578125,0.0,-3.753234268594246e-12,0.0,0.0,8,0,0,250,8,0.0,0.0,0,0.800000011920929,-2.170555735748175e-24,34,0.0,0.0,0.36738596870321544
71.0400390625,237.42999267578125,0.0,-3.751359032516676e-12,0.0,0.0,8,0,0,300,8,0.0,0.0,0,0.800000011920929,-3.411327052089657e-24,34,0.0,0.0,0.36738596870321544
71.0400390625,237.42999267578125,0.0,-3.749488133247796e-12,0.0,0.0,8,0,0,350,8,0.0,0.0,0,0.800000011920929,1.7585513788548255e-24,34,0.0,0.0,0.36738596870321544
71.0400390625,237.42999267578125,0.0,-3.7476133308510955e-12,0.0,0.0,8,0,0,400,8,0.0,0.0,0,0.800000011920929,3.309514629879812e-24,34,0.0,0.0,0.36738596870321544
71.0400390625,237.42999267578125,0.0,-3.745739829497002e-12,0.0,0.0,8,0,0,450,8,0.0,0.0,0,0.800000011920929,-8.271014340293028e-24,34,0.0,0.0,0.36738596870321544
71.0400390625,237.42999267578125,0.0,-3.743868930228122e-12,0.0,0.0,8,0,0,500,8,0.0,0.0,0,0.800000011920929,1.8405560020111662e-23,34,0.0,0.0,0.36738596870321544
71.04003143310547,237.42999267578125,0.0,-0.0016215940704905204,0.0,0.0,8,0,0,550,8,0.0,0.0,0,0.800000011920929,2.501429575690573e-16,34,0.0,0.0,0.36738596870321544
71.04002380371094,237.42999267578125,0.0,-0.1651899814639939,0.0,0.0,8,0,0,600,8,0.0,0.0,0,0.800000011920929,5.687833715878386e-14,34,0.0,0.0,0.36738596870321544
71.039794921875,237.42999267578125,0.0,0.10001949966161063,0.0,0.0,8,0,0,650,8,0.0,0.0,0,0.800000011920929,8.169681427722635e-14,34,0.0,0.0,0.36738596870321544
71.03971099853516,237.42999267578125,0.0,0.05262853577844027,0.0,0.0,8,0,0,700,8,0.0,0.0,0,0.800000011920929,1.5924414244840297e-08,34,0.0,0.0,0.36738596870321544
71.03970336914062,237.42999267578125,0.0,0.023727612570384048,0.0,0.0,8,0,0,750,8,0.0,0.0,0,0.800000011920929,1.5160207363130272e-14,34,0.0,0.0,0.36738596870321544
71.03972625732422,237.42999267578125,0.0,0.0088964253665726,0.0,0.0,8,0,0,800,8,0.0,0.0,0,0.800000011920929,2.021017065198294e-15,34,0.0,0.0,0.36738596870321544
71.03976440429688,237.4300079345703,0.0,0.0017639874714144188,0.0,0.0,8,0,0,850,8,0.0,0.0,0,0.800000011920929,4.40132272785823e-09,34,0.0,0.0,0.36738596870321544
71.03980255126953,237.4300079345703,0.0,-0.001344606280354703,0.0,0.0,8,0,0,900,8,0.0,0.0,0,0.800000011920929,-1.473638440254256e-14,34,0.0,0.0,0.36738596870321544
71.03983306884766,237.43003845214844,0.0,-0.002473165048337561,0.0,0.0,8,0,0,950,8,0.0,0.0,0,0.800000011920929,2.179406547905379e-14,34,0.0,0.0,0.36738596870321544
71.03986358642578,237.4300537109375,0.0,-0.002666367450784258,0.0,0.0,8,0,0,1000,8,0.0,0.0,0,0.800000011920929,-4.328363510068819e-15,34,0.0,0.0,0.36738596870321544
71.0398941040039,237.4300537109375,0.0,-0.002478189067966429,0.0,0.0,8,0,0,1050,8,0.0,0.0,0,0.800000011920929,-4.495879402867399e-15,34,0.0,0.0,0.36738596870321544
71.0399169921875,237.4300537109375,0.0,-0.0021394840442087483,0.0,0.0,8,0,0,1100,8,0.0,0.0,0,0.800000011920929,-2.553060705564114e-15,34,0.0,0.0,0.36738596870321544
71.03993225097656,237.4300537109375,0.0,-0.001785624772347254,0.0,0.0,8,0,0,1150,8,0.0,0.0,0,0.800000011920929,5.253277684171275e-15,34,0.0,0.0,0.36738596870321544
71.03995513916016,237.43003845214844,0.0,-0.0014593320666183404,0.0,0.0,8,0,0,1200,8,0.0,0.0,0,0.800000011920929,-3.857716531760941e-15,34,0.0,0.0,0.36738596870321544
71.03996276855469,237.42999267578125,0.0,-0.0011790811550116459,0.0,0.0,8,0,0,1250,8,0.0,0.0,0,0.800000011920929,9.439388087217514e-16,34,0.0,0.0,0.36738596870321544
71.03996276855469,237.4300079345703,0.0,-0.0009452927625002621,0.0,0.0,8,0,0,1300,8,0.0,0.0,0,0.800000011920929,1.3602230238776687e-15,34,0.0,0.0,0.36738596870321544
71.03997039794922,237.4300537109375,0.0,-0.0007586107822292271,0.0,0.0,8,0,0,1350,8,0.0,0.0,0,0.800000011920929,-1.4708851503947829e-15,34,0.0,0.0,0.36738596870321544
71.03997802734375,237.4300537109375,0.0,-0.0006059901788956314,0.0,0.0,8,0,0,1400,8,0.0,0.0,0,0.800000011920929,-6.660057184126146e-16,34,0.0,0.0,0.36738596870321544
71.03998565673828,237.43006896972656,0.0,-0.00048546958715729456,0.0,0.0,8,0,0,1450,8,0.0,0.0,0,0.800000011920929,8.882810397269186e-16,34,0.0,0.0,0.36738596870321544
71.04000091552734,237.4300994873047,0.0,-0.0003791871713552958,0.0,0.0,8,0,0,1500,8,0.0,0.0,0,0.800000011920929,8.334688064824313e-17,34,0.0,0.0,0.36738596870321544
71.04000091552734,237.4300994873047,0.0,-0.0003099266323325178,0.0,0.0,8,0,0,1550,8,0.0,0.0,0,0.800000011920929,2.3598790585095027e-16,34,0.0,0.0,0.36738596870321544
71.04000854492188,237.43011474609375,0.0,-0.00024487989140250523,0.0,0.0,8,0,0,1600,8,0.0,0.0,0,0.800000011920929,-3.121984621606578e-16,34,0.0,0.0,0.36738596870321544
71.0400161743164,237.43011474609375,0.0,-0.00019739894196800105,0.0,0.0,8,0,0,1650,8,0.0,0.0,0,0.800000011920929,1.1106402917492559e-16,34,0.0,0.0,0.36738596870321544
71.0400161743164,237.43011474609375,0.0,-0.00015333150804826173,0.0,0.0,8,0,0,1700,8,0.0,0.0,0,0.800000011920929,-5.894818635167947e-17,34,0.0,0.0,0.36738596870321544
71.0400161743164,237.43011474609375,0.0,-0.00035309160012552077,0.0,0.0,8,0,0,1750,8,0.0,0.0,0,0.800000011920929,-2.427866493029017e-16,34,0.0,0.0,0.36738596870321544
71.0400161743164,237.43011474609375,0.0,7.436040323381715e-05,0.0,0.0,8,0,0,1800,8,0.0,0.0,0,0.800000011920929,2.7739857116038875e-17,34,0.0,0.0,0.36738596870321544
71.0400161743164,237.43011474609375,0.0,-2.8223729487438485e-07,0.0,0.0,8,0,0,1850,8,0.0,0.0,0,0.800000011920929,-1.1153670189042946e-17,34,0.0,0.0,0.36738596870321544
71.04002380371094,237.4301300048828,0.0,-3.431406730740648e-05,0.0,0.0,8,0,0,1900,8,0.0,0.0,0,0.800000011920929,2.8630190771161824e-17,34,0.0,0.0,0.36738596870321544
71.04002380371094,237.4301300048828,0.0,-4.4247808546977484e-05,0.0,0.0,8,0,0,1950,8,0.0,0.0,0,0.800000011920929,-2.5144137211983624e-17,34,0.0,0.0,0.36738596870321544
71.04002380371094,237.4301300048828,0.0,-3.9744958486067334e-05,0.0,0.0,8,0,0,2000,8,0.0,0.0,0,0.800000011920929,2.8631338768605077e-17,34,0.0,0.0,0.36738596870321544
71.04002380371094,237.4301300048828,0.0,-3.710167948233468e-05,0.0,0.0,8,0,0,2050,8,0.0,0.0,0,0.800000011920929,-2.7747732961144933e-17,34,0.0,0.0,0.36738596870321544
71.04003143310547,237.4301300048828,0.0,-3.6621615436919716e-05,0.0,0.0,8,0,0,2100,8,0.0,0.0,0,0.800000011920929,-1.126796137238788e-17,34,0.0,0.0,0.36738596870321544
71.04003143310547,237.4301300048828,0.0,-9.797443635964734e-05,0.0,0.0,8,0,0,2150,8,0.0,0.0,0,0.800000011920929,5.553186135225432e-17,34,0.0,0.0,0.36738596870321544
71.04003143310547,237.4301300048828,0.0,2.508457873825269e-05,0.0,0.0,8,0,0,2200,8,0.0,0.0,0,0.800000011920929,1.257144274046084e-17,34,0.0,0.0,0.36738596870321544
71.04003143310547,237.4301300048828,0.0,1.2445146922148995e-06,0.0,0.0,8,0,0,2250,8,0.0,0.0,0,0.800000011920929,8.646249256287712e-18,34,0.0,0.0,0.36738596870321544
71.04003143310547,237.4301300048828,0.0,-3.7026647988426264e-06,0.0,0.0,8,0,0,2300,8,0.0,0.0,0,0.800000011920929,-2.927267597622808e-17,34,0.0,0.0,0.36738596870321544
71.04003143310547,237.4301300048828,0.0,-9.802798558869945e-06,0.0,0.0,8,0,0,2350,8,0.0,0.0,0,0.800000011920929,7.15780649046226e-18,34,0.0,0.0,0.36738596870321544
71.04003143310547,237.4301300048828,0.0,-9.388278158634308e-06,0.0,0.0,8,0,0,2400,8,0.0,0.0,0,0.800000011920929,1.4530293633917548e-17,34,0.0,0.0,0.36738596870321544
71.04003143310547,237.4301300048828,0.0,-1.1089457985010659e-05,0.0,0.0,8,0,0,2450,8,0.0,0.0,0,0.800000011920929,-2.3416422812153194e-17,34,0.0,0.0,0.36738596870321544
71.04003143310547,237.4301300048828,0.0,-6.34441948945508e-06,0.0,0.0,8,0,0,2500,8,0.0,0.0,0,0.800000011920929,1.0626522389237788e-17,34,0.0,0.0,0.36738596870321544
71.04003143310547,237.4301300048828,0.0,-3.552295675109167e-05,0.0,0.0,8,0,0,2550,8,0.0,0.0,0,0.800000011920929,-1.0400831891205845e-17,34,0.0,0.0,0.36738596870321544
71.04002380371094,237.4301300048828,0.0,0.03196048364069488,0.0,0.0,8,0,0,2600,8,0.0,0.0,0,0.800000011920929,-1.3327299666025788e-14,34,0.0,0.0,0.36738596870321544
71.01464080810547,237.4301300048828,0.0,13.5860900882994,0.0,0.0,8,0,0,2650,8,0.0,0.6938815712928772,0,0.800000011920929,1.1811580474863136e-07,34,0.0,0.0,0.36738596870321544
70.95603942871094,237.42808532714844,0.0,12.400204799170336,0.0,0.0,8,0,0,2700,8,0.0,0.365365207195282,0,0.800000011920929,0.02022428904671073,34,0.0,0.0,0.3286
70.86847686767578,237.42034912109375,0.0,11.271841352794599,0.0,0.0,8,0,0,2750,8,0.0,0.2450317144393921,0,0.800000011920929,0.1481266026620519,34,0.0,0.0,0.3286
70.7545394897461,237.40621948242188,0.0,10.674598116123299,0.0,0.0,8,0,0,2800,8,0.0,0.17267420887947083,0,0.800000011920929,0.3762936888841091,34,0.0,0.0,0.36738596870321544
70.61528015136719,237.3896484375,0.0,10.308526970904431,0.0,0.0,8,0,0,2850,8,0.0,0.12298925220966339,0,0.800000011920929,0.5246614498378163,34,0.0,0.0,0.3286
70.45207214355469,237.37220764160156,0.0,9.670431420500043,0.0,0.0,8,0,0,2900,8,0.0,0.08597224205732346,0,0.800000011920929,0.5730329132134291,34,0.0,0.0,0.36738596870321544
70.26638793945312,237.3544464111328,0.0,9.038210878381095,0.0,0.0,8,0,0,2950,8,0.0,0.05732441693544388,0,0.800000011920929,0.5514248583428627,34,0.0,0.0,0.3286
70.05963134765625,237.3365936279297,0.0,8.41691163886854,0.0,0.0,8,0,0,3000,8,0.0,0.02703884430229664,0,0.800000011920929,0.4824116121913696,34,0.0,0.0,0.36738596870321544
69.83344268798828,237.3193359375,0.0,7.658107580386921,0.0,0.0,8,0,0,3050,8,0.0,0.0,0,0.800000011920929,0.35274725167406284,34,0.0,0.0,0.3286
69.58971405029297,237.3032989501953,0.0,6.855736368623907,0.0,0.0,8,0,0,3100,8,0.0,-0.0,0,0.800000011920929,0.16307175965051357,34,0.0,0.0,0.3286
69.3302001953125,237.28733825683594,0.0,6.231687513726154,0.0,0.0,8,0,0,3150,8,0.0,-0.0,0,0.800000011920929,0.05449392428356303,34,0.0,0.0,0.3286
69.05655670166016,237.27069091796875,0.0,5.523001540195102,0.0,0.0,8,0,0,3200,8,0.0,-0.015288650058209896,0,0.800000011920929,0.018416612965954482,34,0.0,0.0,0.1643
68.77025604248047,237.2549591064453,0.0,4.901392430818625,0.0,0.0,8,0,0,3250,8,0.0,-0.05101899057626724,0,0.800000011920929,-0.10253049886705093,34,0.0,0.0,0.1643
68.47268676757812,237.242919921875,0.0,4.286059251348048,0.0,0.0,8,0,0,3300,8,0.0,-0.07004013657569885,0,0.800000011920929,-0.4433705388357392,34,0.0,0.0,0.1643
68.16503143310547,237.2347412109375,0.0,3.853505772836887,0.0,0.0,8,0,0,3350,8,0.0,-0.07976454496383667,0,0.800000011920929,-0.7969006797198335,34,0.0,0.0,0.1643
67.84825134277344,237.23020935058594,0.0,3.504389201326803,0.0,0.0,8,0,0,3400,8,0.0,-0.08578893542289734,0,0.800000011920929,-1.0570710578522065,34,0.0,0.0,0.2323552882978995
67.52318572998047,237.2294158935547,0.0,3.203090140420048,0.0,0.0,8,0,1,3450,8,0.0,-0.0,0,0.0,-1.246035189724388,34,0.0,0.0,0.1643
67.19094848632812,237.22341918945312,0.0,2.7429459814723773,0.0,0.0,8,0,1,3500,8,0.0,-0.0,0,0.0,-0.6142390520119348,34,0.0,0.0,0.1643
66.8541259765625,237.21591186523438,0.0,1.3556916673289447,0.0,0.0,8,0,1,3550,8,0.0,-0.0,0,0.0,-0.15880551791571784,34,0.0,0.0,0.1643
66.51783752441406,237.20831298828125,0.0,-0.6861026066539687,0.0,0.0,8,0,1,3600,8,0.0,-0.0,0,0.0,-0.037667055236550215,34,0.0,0.0,0.1643
66.18627166748047,237.20079040527344,0.0,-2.164300743931229,0.0,0.0,8,0,1,3650,8,0.0,-0.0,0,0.0,-0.01173104618589721,34,0.0,0.0,0.1643
65.86217498779297,237.1934051513672,0.0,-3.22765344970291,0.0,0.0,8,0,1,3700,8,0.0,-0.0,0,0.0,-0.0019444432284480978,34,0.0,0.0,0.1643
65.5473861694336,237.1862030029297,0.0,-3.9169644072924674,0.0,0.0,8,0,1,3750,8,0.0,-0.0,0,0.0,-0.005276923415882928,34,0.0,0.0,0.2323552882978995
65.2432861328125,237.1792449951172,0.0,-4.4898332809301005,0.0,0.0,8,0,1,3800,8,0.0,-0.0,0,0.0,0.002842502192137955,34,0.0,0.0,0.2323552882978995
64.95064544677734,237.1725311279297,0.0,-4.704571075556949,0.0,0.0,8,0,1,3850,8,0.0,-0.0,0,0.0,-0.0077461320936377115,34,0.0,0.0,0.2323552882978995
64.67005157470703,237.1660919189453,0.0,-5.025592806523504,0.0,0.0,8,0,1,3900,8,0.5341081023216248,-0.0,0,0.0,0.005615147523883757,34,0.0,0.0,0.2323552882978995
64.40190887451172,237.15994262695312,0.0,-5.175269493116645,0.0,0.0,8,0,1,3950,8,0.5092736482620239,-0.0,0,0.0,-0.018028293661211253,34,0.0,0.0,0.1643
64.14852142333984,237.1541290283203,0.0,-6.244962695015425,0.0,0.0,8,0,1,4000,8,0.47930648922920227,-0.0,0,0.0,0.008676785072674914,34,0.0,0.0,0.1643
63.91142272949219,237.148681640625,0.0,-6.7837494472419415,0.0,0.0,8,0,1,4050,8,0.4467526376247406,0.0,0,0.0,-0.002892199679205565,34,0.0,0.0,0.1643
63.691776275634766,237.1436309814453,0.0,-6.958526474255998,0.0,0.0,8,0,1,4100,8,0.4133603572845459,0.0,0,0.0,-0.001631566322393474,34,0.0,0.0,0.1643
63.489227294921875,237.1389617919922,0.0,-6.860602773570863,0.0,0.0,8,0,1,4150,8,0.38043704628944397,0.0,0,0.0,-0.0010568140998183095,34,0.0,0.0,0.2323552882978995
63.30330276489258,237.13465881347656,0.0,-6.667851279818434,0.0,0.0,8,0,1,4200,8,0.3484364449977875,0.0,0,0.0,-0.0008790297080345788,34,0.0,0.0,0.1643
63.13334655761719,237.13075256347656,0.0,-6.389940195285269,0.0,0.0,8,0,1,4250,8,0.3177671432495117,0.0,0,0.0,-0.0007089072259645057,34,0.0,0.0,0.2323552882978995
62.978538513183594,237.12718200683594,0.0,-6.039017839375866,0.0,0.0,8,0,1,4300,8,0.2887793779373169,0.0,0,0.0,-0.0005683933468599023,34,0.0,0.0,0.1643
62.8379020690918,237.1239471435547,0.0,-5.631073876504086,0.0,0.0,8,0,1,4350,8,0.2617475688457489,0.0,0,0.0,-0.0004086305898367837,34,0.0,0.0,0.2323552882978995
62.71037292480469,237.1210174560547,0.0,-5.185246239234344,0.0,0.0,8,0,1,4400,8,0.23685401678085327,0.0,0,0.0,-0.00030556126338290857,34,0.0,0.0,0.1643
62.5948371887207,237.1183319091797,0.0,-4.722701295355886,0.0,0.0,8,0,1,4450,8,0.21417976915836334,0.0,0,0.0,-0.0002940845802794356,34,0.0,0.0,0.1643
62.490169525146484,237.11593627929688,0.0,-4.263908785268399,0.0,0.0,8,0,1,4500,8,0.19370734691619873,0.0,0,0.0,-0.0001486183940336422,34,0.0,0.0,0.2323552882978995
62.3952751159668,237.11373901367188,0.0,-3.825925910808731,0.0,0.0,8,0,1,4550,8,0.0,0.0,0,0.800000011920929,-0.00015433678705874254,34,0.0,0.0,0.1643
62.30741500854492,237.11170959472656,0.0,-2.3470240905834836,0.0,0.0,8,0,1,4600,8,0.16406626999378204,0.0,0,0.0,-6.51486643447885e-05,34,0.0,0.0,0.0
62.22459411621094,237.1098175048828,0.0,-2.219585876044254,0.0,0.0,8,0,1,4650,8,0.1534070372581482,0.0,0,0.0,-8.563366359699148e-05,34,0.0,0.0,0.1643
62.14798355102539,237.10804748535156,0.0,-2.4719290689216264,0.0,0.0,8,0,1,4700,8,0.14153747260570526,0.0,0,0.0,-6.857943260236282e-05,34,0.0,0.0,0.1643
62.07768249511719,237.1064453125,0.0,-2.485247234537963,0.0,0.0,8,0,1,4750,8,1.0,0.0,0,0.0,-7.032589639909687e-05,34,0.0,0.0,0.0
62.02765655517578,237.1053009033203,0.0,-11.252631103693552,0.0,0.0,8,0,1,4800,8,1.0,0.0,0,0.0,-0.0001415216325157953,34,0.0,0.0,0.0
62.011512756347656,237.10491943359375,0.0,-11.690315911461338,0.0,0.0,8,0,1,4850,8,1.0,0.0,0,0.0,-5.819131911372066e-05,34,0.0,0.0,0.0
62.0120964050293,237.10494995117188,0.0,-4.007737949001377,0.0,0.0,8,0,1,4900,8,1.0,0.0,0,0.0,-5.9473034002596736e-05,34,0.0,0.0,0.0
62.01171112060547,237.1049346923828,0.0,-0.26853517690026324,0.0,0.0,8,0,1,4950,8,1.0,0.0,0,0.0,6.58241542869642e-11,34,0.0,0.0,0.0
62.01095962524414,237.1049041748047,0.0,-0.09337858145543715,0.0,0.0,8,0,1,5000,8,1.0,0.0,0,0.0,-2.3569169247750557e-07,34,0.0,0.0,0.0
62.0101318359375,237.1048583984375,0.0,-0.012951763573232754,0.0,0.0,8,0,1,5050,8,1.0,0.0,0,0.0,-3.4008891743828604e-07,34,0.0,0.0,0.0
62.00933837890625,237.1048126220703,0.0,0.0224406774561525,0.0,0.0,8,0,1,5100,8,1.0,0.0,0,0.0,-3.471752928445185e-07,34,0.0,0.0,0.0
62.00864028930664,237.1047821044922,0.0,0.03611620014594911,0.0,0.0,8,0,1,5150,8,1.0,0.0,0,0.0,-5.104346151257964e-07,34,0.0,0.0,0.0
62.00804138183594,237.10476684570312,0.0,0.03926478730204757,0.0,0.0,8,0,1,5200,8,1.0,0.0,0,0.0,-1.6066088733273243e-07,34,0.0,0.0,0.0
62.00754165649414,237.104736328125,0.0,0.03743341830697597,0.0,0.0,8,0,1,5250,8,1.0,0.0,0,0.0,3.9783358410979547e-10,34,0.0,0.0,0.0
62.00713348388672,237.10472106933594,0.0,0.03347722873015516,0.0,0.0,8,0,1,5300,8,1.0,0.0,0,0.0,-1.8181867004704068e-07,34,0.0,0.0,0.0
62.00679397583008,237.10470581054688,0.0,0.028855119761808528,0.0,0.0,8,0,1,5350,8,1.0,0.0,0,0.0,1.3804249063276153e-10,34,0.0,0.0,0.0
62.006526947021484,237.10470581054688,0.0,0.024278187860016266,0.0,0.0,8,0,1,5400,8,1.0,0.0,0,0.0,-9.241208471556534e-08,34,0.0,0.0,0.0
62.00630569458008,237.10467529296875,0.0,0.020137886426573177,0.0,0.0,8,0,1,5450,8,1.0,0.0,0,0.0,-6.567184545735322e-10,34,0.0,0.0,0.0
62.00613021850586,237.10467529296875,0.0,0.016497243317579846,0.0,0.0,8,0,1,5500,8,1.0,0.0,0,0.0,1.4837032714628065e-10,34,0.0,0.0,0.0
62.005985260009766,237.1046600341797,0.0,0.013431093600415358,0.0,0.0,8,0,1,5550,8,1.0,0.0,0,0.0,-1.8987999161283048e-11,34,0.0,0.0,0.0
62.00587844848633,237.1046600341797,0.0,0.010871718707287542,0.0,0.0,8,0,1,5600,8,1.0,0.0,0,0.0,-4.9315034423690757e-11,34,0.0,0.0,0.0
62.00581359863281,237.1046600341797,0.0,0.044197889780013586,0.0,0.0,8,0,1,5650,8,1.0,0.0,0,0.0,-5.87009282328188e-11,34,0.0,0.0,0.0
62.00581359863281,237.1046600341797,0.0,-0.0,0.0,0.0,8,0,1,5700,8,1.0,0.0,0,0.0,0.0,34,0.0,0.0,0.0
62.00581359863281,237.1046600341797,0.0,-0.0,0.0,0.0,8,0,1,5750,8,1.0,0.0,0,0.0,0.0,34,0.0,0.0,0.0
62.00581359863281,237.1046600341797,0.0,-0.0,0.0,0.0,8,0,1,5800,8,1.0,0.0,0,0.0,0.0,34,0.0,0.0,0.0
62.00581359863281,237.1046600341797,0.0,-0.0,0.0,0.0,8,0,1,5850,8,1.0,0.0,0,0.0,0.0,34,0.0,0.0,0.0
62.00581359863281,237.1046600341797,0.0,-0.0,0.0,0.0,8,0,1,5900,8,1.0,0.0,0,0.0,0.0,34,0.0,0.0,0.0
62.00581359863281,237.1046600341797,0.0,-0.0,0.0,0.0,8,0,1,5950,8,1.0,0.0,0,0.0,0.0,34,0.0,0.0,0.0
62.00581359863281,237.1046600341797,0.0,-0.0,0.0,0.0,8,0,1,6000,8,1.0,0.0,0,0.0,0.0,34,0.0,0.0,0.0
62.00581359863281,237.1046600341797,0.0,-0.0,0.0,0.0,8,0,1,6050,8,1.0,0.0,0,0.0,0.0,34,0.0,0.0,0.0
62.00581359863281,237.1046600341797,0.0,-0.0,0.0,0.0,8,0,1,6100,8,1.0,0.0,0,0.0,0.0,34,0.0,0.0,0.0
62.00581359863281,237.1046600341797,0.0,-0.0,0.0,0.0,8,0,1,6150,8,1.0,0.0,0,0.0,0.0,34,0.0,0.0,0.0
62.00581359863281,237.1046600341797,0.0,-0.0,0.0,0.0,8,0,1,6200,8,1.0,0.0,0,0.0,0.0,34,0.0,0.0,0.0
62.00581359863281,237.1046600341797,0.0,-0.0,0.0,0.0,8,0,1,6250,8,1.0,0.0,0,0.0,0.0,34,0.0,0.0,0.0
62.00581359863281,237.1046600341797,0.0,-0.0,0.0,0.0,8,0,1,6300,8,1.0,0.0,0,0.0,0.0,34,0.0,0.0,0.0
62.00581359863281,237.1046600341797,0.0,-0.0,0.0,0.0,8,0,1,6350,8,1.0,0.0,0,0.0,0.0,34,0.0,0.0,0.0
62.00581359863281,237.1046600341797,0.0,-0.0,0.0,0.0,8,0,1,6400,8,0.0,0.0,0,0.800000011920929,0.0,34,0.0,0.0,0.0
62.00578308105469,237.1046600341797,0.0,-0.015456077290544499,0.0,0.0,8,0,1,6450,8,1.0,0.0,0,0.0,1.3426542429945121e-11,34,0.0,0.0,0.0
62.0057373046875,237.1046600341797,0.0,-0.004908526653602459,0.0,0.0,8,0,1,6500,8,1.0,0.0,0,0.0,2.703116962037011e-11,34,0.0,0.0,0.0
62.00569152832031,237.1046600341797,0.0,-0.00019431647603012844,0.0,0.0,8,0,1,6550,8,0.0,0.0,0,0.800000011920929,4.679227830317031e-11,34,0.0,0.0,0.0
62.00564193725586,237.10464477539062,0.0,0.0018344334458632505,0.0,0.0,8,0,1,6600,8,0.0,0.0,0,0.800000011920929,-2.09078619827917e-11,34,0.0,0.0,0.0
62.005775451660156,237.10464477539062,0.0,-0.15801214344140166,0.0,0.0,8,0,1,6650,8,0.0,0.0,0,0.800000011920929,-3.0114105436726546e-10,34,0.0,0.0,0.0
62.001747131347656,237.1045684814453,0.0,1.5760946752163236,0.0,0.0,8,0,1,6700,8,1.0,-0.06987456232309341,0,0.0,1.2692013621334874e-07,34,0.0,0.0,0.0
62.000736236572266,237.10450744628906,0.0,-1.3643504928069663,0.0,0.0,8,0,1,6750,8,1.0,0.0,0,0.0,-3.2856607658358905e-05,34,0.0,0.0,0.0
62.00077819824219,237.10452270507812,0.0,-0.02315855706273612,0.0,0.0,8,0,1,6800,8,1.0,0.0,0,0.0,-6.957787568751678e-11,34,0.0,0.0,0.0
62.000789642333984,237.10452270507812,0.0,-0.010531879025761028,0.0,0.0,8,0,1,6850,8,1.0,0.0,0,0.0,7.102681696914345e-12,34,0.0,0.0,0.0
62.00078582763672,237.10452270507812,0.0,-0.0046174639938495465,0.0,0.0,8,0,1,6900,8,1.0,0.0,0,0.0,4.138640209076609e-12,34,0.0,0.0,0.0
62.00077438354492,237.10452270507812,0.0,-0.0016601363056385912,0.0,0.0,8,0,1,6950,8,0.0,0.0,0,0.800000011920929,-4.4103402299568856e-12,34,0.0,0.0,0.0
62.00076675415039,237.10452270507812,0.0,-0.00024974771597116097,0.0,0.0,8,0,1,7000,8,1.0,0.0,0,0.0,2.489866356338987e-12,34,0.0,0.0,0.0
62.000755310058594,237.10452270507812,0.0,0.00038469744031809896,0.0,0.0,8,0,1,7050,8,1.0,0.0,0,0.0,1.698748394284976e-13,34,0.0,0.0,0.0
62.00075149536133,237.10452270507812,0.0,0.0006175718193621105,0.0,0.0,8,0,1,7100,8,1.0,0.0,0,0.0,4.959751701813552e-13,34,0.0,0.0,0.0
62.0007438659668,237.10452270507812,0.0,0.0042077943582775985,0.0,0.0,8,0,1,7150,8,1.0,0.0,0,0.0,-5.259321908643484e-12,34,0.0,0.0,0.0
62.0007438659668,237.10452270507812,0.0,-0.0,0.0,0.0,8,0,1,7200,8,1.0,0.0,0,0.0,0.0,34,0.0,0.0,0.0
62.0007438659668,237.10452270507812,0.0,-0.0,0.0,0.0,8,0,1,7250,8,1.0,0.0,0,0.0,0.0,34,0.0,0.0,0.0
62.0007438659668,237.10452270507812,0.0,-0.0,0.0,0.0,8,0,1,7300,8,1.0,0.0,0,0.0,0.0,34,0.0,0.0,0.0
62.0007438659668,237.10452270507812,0.0,-0.0,0.0,0.0,8,0,1,7350,8,1.0,0.0,0,0.0,0.0,34,0.0,0.0,0.0
62.0007438659668,237.10452270507812,0.0,-0.0,0.0,0.0,8,0,1,7400,8,1.0,0.0,0,0.0,0.0,34,0.0,0.0,0.0
62.0007438659668,237.10452270507812,0.0,-0.0,0.0,0.0,8,0,1,7450,8,1.0,0.0,0,0.0,0.0,34,0.0,0.0,0.0
62.0007438659668,237.10452270507812,0.0,-0.0,0.0,0.0,8,0,1,7500,8,1.0,0.0,0,0.0,0.0,34,0.0,0.0,0.0
62.0007438659668,237.10452270507812,0.0,-0.0,0.0,0.0,8,0,1,7550,8,1.0,0.0,0,0.0,0.0,34,0.0,0.0,0.0
62.0007438659668,237.10452270507812,0.0,-0.0,0.0,0.0,8,0,1,7600,8,1.0,0.0,0,0.0,0.0,34,0.0,0.0,0.0
62.0007438659668,237.10452270507812,0.0,-0.0,0.0,0.0,8,0,1,7650,8,1.0,0.0,0,0.0,0.0,34,0.0,0.0,0.0
62.0007438659668,237.10452270507812,0.0,-0.0,0.0,0.0,8,0,1,7700,8,1.0,0.0,0,0.0,0.0,34,0.0,0.0,0.0
62.0007438659668,237.10452270507812,0.0,-0.0,0.0,0.0,8,0,1,7750,8,1.0,0.0,0,0.0,0.0,34,0.0,0.0,0.0
62.0007438659668,237.10452270507812,0.0,-0.0,0.0,0.0,8,0,1,7800,8,1.0,0.0,0,0.0,0.0,34,0.0,0.0,0.0
62.0007438659668,237.10452270507812,0.0,-0.0,0.0,0.0,8,0,1,7850,8,1.0,0.0,0,0.0,0.0,34,0.0,0.0,0.0
62.0007438659668,237.10452270507812,0.0,-0.0,0.0,0.0,8,0,1,7900,8,1.0,0.0,0,0.0,0.0,34,0.0,0.0,0.0
62.0007438659668,237.10452270507812,0.0,-0.0,0.0,0.0,8,0,1,7950,8,1.0,0.0,0,0.0,0.0,34,0.0,0.0,0.0
62.0007438659668,237.10452270507812,0.0,-0.0,0.0,0.0,8,0,1,8000,8,1.0,0.0,0,0.0,0.0,34,0.0,0.0,0.0
62.0007438659668,237.10452270507812,0.0,-0.0,0.0,0.0,8,0,1,8050,8,1.0,0.0,0,0.0,0.0,34,0.0,0.0,0.0
62.0007438659668,237.10452270507812,0.0,-0.0,0.0,0.0,8,0,1,8100,8,1.0,0.0,0,0.0,0.0,34,0.0,0.0,0.0
62.0007438659668,237.10452270507812,0.0,-0.0,0.0,0.0,8,0,1,8150,8,1.0,0.0,0,0.0,0.0,34,0.0,0.0,0.0
62.0007438659668,237.10452270507812,0.0,-0.0,0.0,0.0,8,0,1,8200,8,1.0,0.0,0,0.0,0.0,34,0.0,0.0,0.0
62.0007438659668,237.10452270507812,0.0,-0.0,0.0,0.0,8,0,1,8250,8,1.0,0.0,0,0.0,0.0,34,0.0,0.0,0.0
62.0007438659668,237.10452270507812,0.0,-0.0,0.0,0.0,8,0,1,8300,8,1.0,0.0,0,0.0,0.0,34,0.0,0.0,0.0
62.0007438659668,237.10452270507812,0.0,-0.0,0.0,0.0,8,0,1,8350,8,1.0,0.0,0,0.0,0.0,34,0.0,0.0,0.0
62.0007438659668,237.10452270507812,0.0,-0.0,0.0,0.0,8,0,1,8400,8,1.0,0.0,0,0.0,0.0,34,0.0,0.0,0.0
62.0007438659668,237.10452270507812,0.0,-0.0,0.0,0.0,8,0,1,8450,8,1.0,0.0,0,0.0,0.0,34,0.0,0.0,0.0
62.0007438659668,237.10452270507812,0.0,-0.0,0.0,0.0,8,0,1,8500,8,1.0,0.0,0,0.0,0.0,34,0.0,0.0,0.0
62.0007438659668,237.10452270507812,0.0,-0.0,0.0,0.0,8,0,1,8550,8,1.0,0.0,0,0.0,0.0,34,0.0,0.0,0.0
62.0007438659668,237.10452270507812,0.0,-0.0,0.0,0.0,8,0,1,8600,8,1.0,0.0,0,0.0,0.0,34,0.0,0.0,0.0
62.0007438659668,237.10452270507812,0.0,-0.0,0.0,0.0,8,0,1,8650,8,1.0,0.0,0,0.0,0.0,34,0.0,0.0,0.0
62.0007438659668,237.10452270507812,0.0,-0.0,0.0,0.0,8,0,1,8700,8,1.0,0.0,0,0.0,0.0,34,0.0,0.0,0.0
62.0007438659668,237.10452270507812,0.0,-0.0,0.0,0.0,8,0,1,8750,8,1.0,0.0,0,0.0,0.0,34,0.0,0.0,0.0
62.0007438659668,237.10452270507812,0.0,-0.0,0.0,0.0,8,0,1,8800,8,1.0,0.0,0,0.0,0.0,34,0.0,0.0,0.0
62.0007438659668,237.10452270507812,0.0,-0.0,0.0,0.0,8,0,1,8850,8,1.0,0.0,0,0.0,0.0,34,0.0,0.0,0.0
62.0007438659668,237.10452270507812,0.0,-0.0,0.0,0.0,8,0,1,8900,8,1.0,0.0,0,0.0,0.0,34,0.0,0.0,0.0
62.0007438659668,237.10452270507812,0.0,-0.0,0.0,0.0,8,0,1,8950,8,1.0,0.0,0,0.0,0.0,34,0.0,0.0,0.0
62.0007438659668,237.10452270507812,0.0,-0.0,0.0,0.0,8,0,1,9000,8,1.0,0.0,0,0.0,0.0,34,0.0,0.0,0.0
62.0007438659668,237.10452270507812,0.0,-0.0,0.0,0.0,8,0,1,9050,8,1.0,0.0,0,0.0,0.0,34,0.0,0.0,0.0
62.0007438659668,237.10452270507812,0.0,-0.0,0.0,0.0,8,0,1,9100,8,1.0,0.0,0,0.0,0.0,34,0.0,0.0,0.0
62.0007438659668,237.10452270507812,0.0,-0.0,0.0,0.0,8,0,1,9150,8,1.0,0.0,0,0.0,0.0,34,0.0,0.0,0.0
62.0007438659668,237.10452270507812,0.0,-0.0,0.0,0.0,8,0,1,9200,8,1.0,0.0,0,0.0,0.0,34,0.0,0.0,0.0
62.0007438659668,237.10452270507812,0.0,-0.0,0.0,0.0,8,0,1,9250,8,1.0,0.0,0,0.0,0.0,34,0.0,0.0,0.0
62.0007438659668,237.10452270507812,0.0,-0.0,0.0,0.0,8,0,1,9300,8,1.0,0.0,0,0.0,0.0,34,0.0,0.0,0.0
62.0007438659668,237.10452270507812,0.0,-0.0,0.0,0.0,8,0,1,9350,8,1.0,0.0,0,0.0,0.0,34,0.0,0.0,0.0
62.0007438659668,237.10452270507812,0.0,-0.0,0.0,0.0,8,0,1,9400,8,1.0,0.0,0,0.0,0.0,34,0.0,0.0,0.0
62.0007438659668,237.10452270507812,0.0,-0.0,0.0,0.0,8,0,1,9450,8,1.0,0.0,0,0.0,0.0,34,0.0,0.0,0.0
62.0007438659668,237.10452270507812,0.0,-0.0,0.0,0.0,8,0,1,9500,8,1.0,0.0,0,0.0,0.0,34,0.0,0.0,0.0
62.0007438659668,237.10452270507812,0.0,-0.0,0.0,0.0,8,0,1,9550,8,1.0,0.0,0,0.0,0.0,34,0.0,0.0,0.0
62.0007438659668,237.10452270507812,0.0,-0.0,0.0,0.0,8,0,1,9600,8,1.0,0.0,0,0.0,0.0,34,0.0,0.0,0.0
62.0007438659668,237.10452270507812,0.0,-0.0,0.0,0.0,8,0,1,9650,8,1.0,0.0,0,0.0,0.0,34,0.0,0.0,0.0
62.0007438659668,237.10452270507812,0.0,-0.0,0.0,0.0,8,0,1,9700,8,1.0,0.0,0,0.0,0.0,34,0.0,0.0,0.0
62.0007438659668,237.10452270507812,0.0,-0.0,0.0,0.0,8,0,1,9750,8,1.0,0.0,0,0.0,0.0,34,0.0,0.0,0.0
62.0007438659668,237.10452270507812,0.0,-0.0,0.0,0.0,8,0,1,9800,8,1.0,0.0,0,0.0,0.0,34,0.0,0.0,0.0
62.0007438659668,237.10452270507812,0.0,-0.0,0.0,0.0,8,0,1,9850,8,1.0,0.0,0,0.0,0.0,34,0.0,0.0,0.0
62.0007438659668,237.10452270507812,0.0,-0.0,0.0,0.0,8,0,1,9900,8,1.0,0.0,0,0.0,0.0,34,0.0,0.0,0.0
62.0007438659668,237.10452270507812,0.0,-0.0,0.0,0.0,8,0,1,9950,8,1.0,0.0,0,0.0,0.0,34,0.0,0.0,0.0
62.0007438659668,237.10452270507812,0.0,-0.0,0.0,0.0,8,0,1,10000,8,1.0,0.0,0,0.0,0.0,34,0.0,0.0,0.0
62.0007438659668,237.10452270507812,0.0,-0.0,0.0,0.0,8,0,1,10050,8,1.0,0.0,0,0.0,0.0,34,0.0,0.0,0.0
62.0007438659668,237.10452270507812,0.0,-0.0,0.0,0.0,8,0,1,10100,8,1.0,0.0,0,0.0,0.0,34,0.0,0.0,0.0
62.0007438659668,237.10452270507812,0.0,-0.0,0.0,0.0,8,0,1,10150,8,1.0,0.0,0,0.0,0.0,34,0.0,0.0,0.0
62.0007438659668,237.10452270507812,0.0,-0.0,0.0,0.0,8,0,1,10200,8,1.0,0.0,0,0.0,0.0,34,0.0,0.0,0.0
62.0007438659668,237.10452270507812,0.0,-0.0,0.0,0.0,8,0,1,10250,8,1.0,0.0,0,0.0,0.0,34,0.0,0.0,0.0
62.0007438659668,237.10452270507812,0.0,-0.0,0.0,0.0,8,0,1,10300,8,1.0,0.0,0,0.0,0.0,34,0.0,0.0,0.0
62.0007438659668,237.10452270507812,0.0,-0.0,0.0,0.0,8,0,1,10350,8,1.0,0.0,0,0.0,0.0,34,0.0,0.0,0.0
62.0007438659668,237.10452270507812,0.0,-0.0,0.0,0.0,8,0,1,10400,8,1.0,0.0,0,0.0,0.0,34,0.0,0.0,0.0
62.0007438659668,237.10452270507812,0.0,-0.0,0.0,0.0,8,0,1,10450,8,1.0,0.0,0,0.0,0.0,34,0.0,0.0,0.0
62.0007438659668,237.10452270507812,0.0,-0.0,0.0,0.0,8,0,1,10500,8,1.0,0.0,0,0.0,0.0,34,0.0,0.0,0.0
62.0007438659668,237.10452270507812,0.0,-0.0,0.0,0.0,8,0,1,10550,8,1.0,0.0,0,0.0,0.0,34,0.0,0.0,0.0
62.0007438659668,237.10452270507812,0.0,-0.0,0.0,0.0,8,0,1,10600,8,1.0,0.0,0,0.0,0.0,34,0.0,0.0,0.0
62.0007438659668,237.10452270507812,0.0,-0.0,0.0,0.0,8,0,1,10650,8,1.0,0.0,0,0.0,0.0,34,0.0,0.0,0.0
62.0007438659668,237.10452270507812,0.0,-0.0,0.0,0.0,8,0,1,10700,8,1.0,0.0,0,0.0,0.0,34,0.0,0.0,0.0
62.0007438659668,237.10452270507812,0.0,-0.0,0.0,0.0,8,0,1,10750,8,1.0,0.0,0,0.0,0.0,34,0.0,0.0,0.0
62.0007438659668,237.10452270507812,0.0,-0.0,0.0,0.0,8,0,1,10800,8,1.0,0.0,0,0.0,0.0,34,0.0,0.0,0.0
62.0007438659668,237.10452270507812,0.0,-0.0,0.0,0.0,8,0,1,10850,8,1.0,0.0,0,0.0,0.0,34,0.0,0.0,0.0
62.0007438659668,237.10452270507812,0.0,-0.0,0.0,0.0,8,0,1,10900,8,1.0,0.0,0,0.0,0.0,34,0.0,0.0,0.0
62.0007438659668,237.10452270507812,0.0,-0.0,0.0,0.0,8,0,1,10950,8,1.0,0.0,0,0.0,0.0,34,0.0,0.0,0.0
62.0007438659668,237.10452270507812,0.0,-0.0,0.0,0.0,8,0,1,11000,8,1.0,0.0,0,0.0,0.0,34,0.0,0.0,0.0
62.0007438659668,237.10452270507812,0.0,-0.0,0.0,0.0,8,0,1,11050,8,1.0,0.0,0,0.0,0.0,34,0.0,0.0,0.0
62.0007438659668,237.10452270507812,0.0,-0.0,0.0,0.0,8,0,1,11100,8,1.0,0.0,0,0.0,0.0,34,0.0,0.0,0.0
62.0007438659668,237.10452270507812,0.0,-0.0,0.0,0.0,8,0,1,11150,8,1.0,0.0,0,0.0,0.0,34,0.0,0.0,0.0
62.0007438659668,237.10452270507812,0.0,-0.0,0.0,0.0,8,0,1,11200,8,1.0,0.0,0,0.0,0.0,34,0.0,0.0,0.0
62.0007438659668,237.10452270507812,0.0,-0.0,0.0,0.0,8,0,1,11250,8,1.0,0.0,0,0.0,0.0,34,0.0,0.0,0.0
62.0007438659668,237.10452270507812,0.0,-0.0,0.0,0.0,8,0,1,11300,8,1.0,0.0,0,0.0,0.0,34,0.0,0.0,0.0
62.0007438659668,237.10452270507812,0.0,-0.0,0.0,0.0,8,0,1,11350,8,1.0,0.0,0,0.0,0.0,34,0.0,0.0,0.0
62.0007438659668,237.10452270507812,0.0,-0.0,0.0,0.0,8,0,1,11400,8,1.0,0.0,0,0.0,0.0,34,0.0,0.0,0.0
62.0007438659668,237.10452270507812,0.0,-0.0,0.0,0.0,8,0,1,11450,8,1.0,0.0,0,0.0,0.0,34,0.0,0.0,0.0
62.0007438659668,237.10452270507812,0.0,-0.0,0.0,0.0,8,0,1,11500,8,1.0,0.0,0,0.0,0.0,34,0.0,0.0,0.0
62.0007438659668,237.10452270507812,0.0,-0.0,0.0,0.0,8,0,1,11550,8,1.0,0.0,0,0.0,0.0,34,0.0,0.0,0.0
62.0007438659668,237.10452270507812,0.0,-0.0,0.0,0.0,8,0,1,11600,8,1.0,0.0,0,0.0,0.0,34,0.0,0.0,0.0
62.0007438659668,237.10452270507812,0.0,-0.0,0.0,0.0,8,0,1,11650,8,1.0,0.0,0,0.0,0.0,34,0.0,0.0,0.0
62.0007438659668,237.10452270507812,0.0,-0.0,0.0,0.0,8,0,1,11700,8,1.0,0.0,0,0.0,0.0,34,0.0,0.0,0.0
62.0007438659668,237.10452270507812,0.0,-0.0,0.0,0.0,8,0,1,11750,8,1.0,0.0,0,0.0,0.0,34,0.0,0.0,0.0
62.0007438659668,237.10452270507812,0.0,-0.0,0.0,0.0,8,0,1,11800,8,1.0,0.0,0,0.0,0.0,34,0.0,0.0,0.0
62.0007438659668,237.10452270507812,0.0,-0.0,0.0,0.0,8,0,1,11850,8,1.0,0.0,0,0.0,0.0,34,0.0,0.0,0.0
62.0007438659668,237.10452270507812,0.0,-0.0,0.0,0.0,8,0,1,11900,8,1.0,0.0,0,0.0,0.0,34,0.0,0.0,0.0
62.0007438659668,237.10452270507812,0.0,-0.0,0.0,0.0,8,0,1,11950,8,1.0,0.0,0,0.0,0.0,34,0.0,0.0,0.0
62.0007438659668,237.10452270507812,0.0,-0.0,0.0,0.0,8,0,1,12000,8,1.0,0.0,0,0.0,0.0,34,0.0,0.0,0.0
62.0007438659668,237.10452270507812,0.0,-0.0,0.0,0.0,8,0,1,12050,8,1.0,0.0,0,0.0,0.0,34,0.0,0.0,0.0
62.0007438659668,237.10452270507812,0.0,-0.0,0.0,0.0,8,0,1,12100,8,1.0,0.0,0,0.0,0.0,34,0.0,0.0,0.0
62.0007438659668,237.10452270507812,0.0,-0.0,0.0,0.0,8,0,1,12150,8,1.0,0.0,0,0.0,0.0,34,0.0,0.0,0.0
62.0007438659668,237.10452270507812,0.0,-0.0,0.0,0.0,8,0,1,12200,8,1.0,0.0,0,0.0,0.0,34,0.0,0.0,0.0
62.0007438659668,237.10452270507812,0.0,-0.0,0.0,0.0,8,0,1,12250,8,1.0,0.0,0,0.0,0.0,34,0.0,0.0,0.0
62.0007438659668,237.10452270507812,0.0,-0.0,0.0,0.0,8,0,1,12300,8,1.0,0.0,0,0.0,0.0,34,0.0,0.0,0.0
62.0007438659668,237.10452270507812,0.0,-0.0,0.0,0.0,8,0,1,12350,8,1.0,0.0,0,0.0,0.0,34,0.0,0.0,0.0
62.0007438659668,237.10452270507812,0.0,-0.0,0.0,0.0,8,0,1,12400,8,1.0,0.0,0,0.0,0.0,34,0.0,0.0,0.0
62.0007438659668,237.10452270507812,0.0,-0.0,0.0,0.0,8,0,1,12450,8,1.0,0.0,0,0.0,0.0,34,0.0,0.0,0.0
62.0007438659668,237.10452270507812,0.0,-0.0,0.0,0.0,8,0,1,12500,8,1.0,0.0,0,0.0,0.0,34,0.0,0.0,0.0
62.0007438659668,237.10452270507812,0.0,-0.0,0.0,0.0,8,0,1,12550,8,1.0,0.0,0,0.0,0.0,34,0.0,0.0,0.0
62.0007438659668,237.10452270507812,0.0,-0.0,0.0,0.0,8,0,1,12600,8,1.0,0.0,0,0.0,0.0,34,0.0,0.0,0.0
62.0007438659668,237.10452270507812,0.0,-0.0,0.0,0.0,8,0,1,12650,8,1.0,0.0,0,0.0,0.0,34,0.0,0.0,0.0
62.0007438659668,237.10452270507812,0.0,-0.0,0.0,0.0,8,0,1,12700,8,1.0,0.0,0,0.0,0.0,34,0.0,0.0,0.0
62.0007438659668,237.10452270507812,0.0,-0.0,0.0,0.0,8,0,1,12750,8,1.0,0.0,0,0.0,0.0,34,0.0,0.0,0.0
62.0007438659668,237.10452270507812,0.0,-0.0,0.0,0.0,8,0,1,12800,8,1.0,0.0,0,0.0,0.0,34,0.0,0.0,0.0
62.0007438659668,237.10452270507812,0.0,-0.0,0.0,0.0,8,0,1,12850,8,1.0,0.0,0,0.0,0.0,34,0.0,0.0,0.0
62.0007438659668,237.10452270507812,0.0,-0.0,0.0,0.0,8,0,1,12900,8,1.0,0.0,0,0.0,0.0,34,0.0,0.0,0.0
62.0007438659668,237.10452270507812,0.0,-0.0,0.0,0.0,8,0,1,12950,8,1.0,0.0,0,0.0,0.0,34,0.0,0.0,0.0
62.0007438659668,237.10452270507812,0.0,-0.0,0.0,0.0,8,0,1,13000,8,1.0,0.0,0,0.0,0.0,34,0.0,0.0,0.0
62.0007438659668,237.10452270507812,0.0,-0.0,0.0,0.0,8,0,1,13050,8,1.0,0.0,0,0.0,0.0,34,0.0,0.0,0.0
62.0007438659668,237.10452270507812,0.0,-0.0,0.0,0.0,8,0,1,13100,8,1.0,0.0,0,0.0,0.0,34,0.0,0.0,0.0
62.0007438659668,237.10452270507812,0.0,-0.0,0.0,0.0,8,0,1,13150,8,1.0,0.0,0,0.0,0.0,34,0.0,0.0,0.0
62.0007438659668,237.10452270507812,0.0,-0.0,0.0,0.0,8,0,1,13200,8,1.0,0.0,0,0.0,0.0,34,0.0,0.0,0.0
62.0007438659668,237.10452270507812,0.0,-0.0,0.0,0.0,8,0,1,13250,8,1.0,0.0,0,0.0,0.0,34,0.0,0.0,0.0
62.0007438659668,237.10452270507812,0.0,-0.0,0.0,0.0,8,0,1,13300,8,1.0,0.0,0,0.0,0.0,34,0.0,0.0,0.0
62.0007438659668,237.10452270507812,0.0,-0.0,0.0,0.0,8,0,1,13350,8,1.0,0.0,0,0.0,0.0,34,0.0,0.0,0.0
62.0007438659668,237.10452270507812,0.0,-0.0,0.0,0.0,8,0,1,13400,8,1.0,0.0,0,0.0,0.0,34,0.0,0.0,0.0
62.0007438659668,237.10452270507812,0.0,-0.0,0.0,0.0,8,0,1,13450,8,1.0,0.0,0,0.0,0.0,34,0.0,0.0,0.0
62.0007438659668,237.10452270507812,0.0,-0.0,0.0,0.0,8,0,1,13500,8,1.0,0.0,0,0.0,0.0,34,0.0,0.0,0.0
62.0007438659668,237.10452270507812,0.0,-0.0,0.0,0.0,8,0,1,13550,8,1.0,0.0,0,0.0,0.0,34,0.0,0.0,0.0
62.0007438659668,237.10452270507812,0.0,-0.0,0.0,0.0,8,0,1,13600,8,1.0,0.0,0,0.0,0.0,34,0.0,0.0,0.0
62.0007438659668,237.10452270507812,0.0,-0.0,0.0,0.0,8,0,1,13650,8,1.0,0.0,0,0.0,0.0,34,0.0,0.0,0.0
62.0007438659668,237.10452270507812,0.0,-0.0,0.0,0.0,8,0,1,13700,8,1.0,0.0,0,0.0,0.0,34,0.0,0.0,0.0
62.0007438659668,237.10452270507812,0.0,-0.0,0.0,0.0,8,0,1,13750,8,1.0,0.0,0,0.0,0.0,34,0.0,0.0,0.0
62.0007438659668,237.10452270507812,0.0,-0.0,0.0,0.0,8,0,1,13800,8,1.0,0.0,0,0.0,0.0,34,0.0,0.0,0.0
62.0007438659668,237.10452270507812,0.0,-0.0,0.0,0.0,8,0,1,13850,8,1.0,0.0,0,0.0,0.0,34,0.0,0.0,0.0
62.0007438659668,237.10452270507812,0.0,-0.0,0.0,0.0,8,0,1,13900,8,1.0,0.0,0,0.0,0.0,34,0.0,0.0,0.0
62.0007438659668,237.10452270507812,0.0,-0.0,0.0,0.0,8,0,1,13950,8,1.0,0.0,0,0.0,0.0,34,0.0,0.0,0.0
62.0007438659668,237.10452270507812,0.0,-0.0,0.0,0.0,8,0,1,14000,8,1.0,0.0,0,0.0,0.0,34,0.0,0.0,0.0
62.0007438659668,237.10452270507812,0.0,-0.0,0.0,0.0,8,0,1,14050,8,1.0,0.0,0,0.0,0.0,34,0.0,0.0,0.0
62.0007438659668,237.10452270507812,0.0,-0.0,0.0,0.0,8,0,1,14100,8,1.0,0.0,0,0.0,0.0,34,0.0,0.0,0.0
62.0007438659668,237.10452270507812,0.0,-0.0,0.0,0.0,8,0,1,14150,8,1.0,0.0,0,0.0,0.0,34,0.0,0.0,0.0
62.0007438659668,237.10452270507812,0.0,-0.0,0.0,0.0,8,0,1,14200,8,1.0,0.0,0,0.0,0.0,34,0.0,0.0,0.0
62.0007438659668,237.10452270507812,0.0,-0.0,0.0,0.0,8,0,1,14250,8,1.0,0.0,0,0.0,0.0,34,0.0,0.0,0.0
62.0007438659668,237.10452270507812,0.0,-0.0,0.0,0.0,8,0,1,14300,8,1.0,0.0,0,0.0,0.0,34,0.0,0.0,0.0
62.0007438659668,237.10452270507812,0.0,-0.0,0.0,0.0,8,0,1,14350,8,1.0,0.0,0,0.0,0.0,34,0.0,0.0,0.0
62.0007438659668,237.10452270507812,0.0,-0.0,0.0,0.0,8,0,1,14400,8,1.0,0.0,0,0.0,0.0,34,0.0,0.0,0.0
62.0007438659668,237.10452270507812,0.0,-0.0,0.0,0.0,8,0,1,14450,8,1.0,0.0,0,0.0,0.0,34,0.0,0.0,0.0
62.0007438659668,237.10452270507812,0.0,-0.0,0.0,0.0,8,0,1,14500,8,1.0,0.0,0,0.0,0.0,34,0.0,0.0,0.0
62.0007438659668,237.10452270507812,0.0,-0.0,0.0,0.0,8,0,1,14550,8,1.0,0.0,0,0.0,0.0,34,0.0,0.0,0.0
62.0007438659668,237.10452270507812,0.0,-0.0,0.0,0.0,8,0,1,14600,8,1.0,0.0,0,0.0,0.0,34,0.0,0.0,0.0
62.0007438659668,237.10452270507812,0.0,-0.0,0.0,0.0,8,0,1,14650,8,1.0,0.0,0,0.0,0.0,34,0.0,0.0,0.0
62.0007438659668,237.10452270507812,0.0,-0.0,0.0,0.0,8,0,1,14700,8,1.0,0.0,0,0.0,0.0,34,0.0,0.0,0.0
62.0007438659668,237.10452270507812,0.0,-0.0,0.0,0.0,8,0,1,14750,8,1.0,0.0,0,0.0,0.0,34,0.0,0.0,0.0
62.0007438659668,237.10452270507812,0.0,-0.0,0.0,0.0,8,0,1,14800,8,1.0,0.0,0,0.0,0.0,34,0.0,0.0,0.0
62.0007438659668,237.10452270507812,0.0,-0.0,0.0,0.0,8,0,1,14850,8,1.0,0.0,0,0.0,0.0,34,0.0,0.0,0.0
62.0007438659668,237.10452270507812,0.0,-0.0,0.0,0.0,8,0,1,14900,8,1.0,0.0,0,0.0,0.0,34,0.0,0.0,0.0
62.0007438659668,237.10452270507812,0.0,-0.0,0.0,0.0,8,0,1,14950,8,1.0,0.0,0,0.0,0.0,34,0.0,0.0,0.0
62.0007438659668,237.10452270507812,0.0,-0.0,0.0,0.0,8,0,1,15000,8,1.0,0.0,0,0.0,0.0,34,0.0,0.0,0.0
62.0007438659668,237.10452270507812,0.0,-0.0,0.0,0.0,8,0,1,15050,8,1.0,0.0,0,0.0,0.0,34,0.0,0.0,0.0
62.0007438659668,237.10452270507812,0.0,-0.0,0.0,0.0,8,0,1,15100,8,1.0,0.0,0,0.0,0.0,34,0.0,0.0,0.0
62.0007438659668,237.10452270507812,0.0,-0.0,0.0,0.0,8,0,1,15150,8,0.0,0.0,0,0.800000011920929,0.0,34,0.0,0.0,0.0
62.00074005126953,237.10452270507812,0.0,-0.001770470538283023,0.0,0.0,8,0,1,15200,8,0.0,0.0,0,0.800000011920929,-2.1629802305798626e-12,34,0.0,0.0,0.0
62.000946044921875,237.10452270507812,0.0,-0.20470192757091893,0.0,0.0,8,0,1,15250,8,0.0,0.0,0,0.800000011920929,1.1095194468041525e-10,34,0.0,0.0,0.0
61.99997329711914,237.10452270507812,0.0,0.6596719888114704,0.0,0.0,8,0,1,15300,8,0.0,0.0,0,0.800000011920929,-2.965977088549565e-07,34,0.0,0.0,0.0
61.99864959716797,237.1044921875,0.0,0.0724185296774619,0.0,0.0,8,0,1,15350,8,0.0,0.0,0,0.800000011920929,-6.504356192434113e-07,34,0.0,0.0,0.0
61.99539566040039,237.1044158935547,0.0,1.5710075674004294,0.0,0.0,8,0,1,15400,8,0.0,-0.10645727813243866,0,0.800000011920929,-3.744826546914215e-07,34,0.0,0.0,0.0
61.98345184326172,237.10470581054688,0.0,3.5260736897132707,0.0,0.0,8,0,1,15450,8,0.0,-0.0,0,0.800000011920929,-0.0008213551457011692,34,0.0,0.0,0.0
61.961971282958984,237.10435485839844,0.0,3.6426711300935968,0.0,0.0,8,0,1,15500,8,0.0,-0.0,0,0.800000011920929,-0.0015497662268685597,34,0.0,0.0,0.0
61.92964172363281,237.10366821289062,0.0,4.46828718148868,0.0,0.0,8,0,1,15550,8,0.0,-0.0,0,0.800000011920929,-0.0009654564062383936,34,0.0,0.0,0.0
61.88949966430664,237.102783203125,0.0,3.103644161556816,0.0,0.0,8,0,1,15600,8,0.0,-0.0,0,0.800000011920929,-0.0001996703902499286,34,0.0,0.0,0.1643
61.8386116027832,237.1016387939453,0.0,5.209374819378245,0.0,0.0,8,0,1,15650,8,0.0,-0.0,0,0.800000011920929,-0.0019470857584592827,34,0.0,0.0,0.1643
61.77239990234375,237.1001739501953,0.0,5.766827838860369,0.0,0.0,8,0,1,15700,8,0.0,-0.0,0,0.800000011920929,0.0001682436767271589,34,0.0,0.0,0.1643
61.69380569458008,237.0984344482422,0.0,4.762373553547477,0.0,0.0,8,0,1,15750,8,0.0,-0.0,0,0.800000011920929,0.00011940522979586587,34,0.0,0.0,0.0
61.60459899902344,237.09646606445312,0.0,4.223686361309935,0.0,0.0,8,0,1,15800,8,0.0,-0.0,0,0.800000011920929,0.00013196162331641226,34,0.0,0.0,0.0
61.505653381347656,237.0942840576172,0.0,3.9142914193947362,0.0,0.0,8,0,1,15850,8,0.0,-0.0,0,0.800000011920929,0.00014905520828398244,34,0.0,0.0,0.0
61.39745330810547,237.09188842773438,0.0,3.725247035462724,0.0,0.0,8,0,1,15900,8,0.0,-0.0,0,0.800000011920929,0.00015088286137361628,34,0.0,0.0,0.1643
61.280277252197266,237.0893096923828,0.0,3.6035449986162282,0.0,0.0,8,0,1,15950,8,0.0,-0.0,0,0.800000011920929,0.0001957288772568011,34,0.0,0.0,0.1643
61.154319763183594,237.0865020751953,0.0,3.521420727607521,0.0,0.0,8,0,1,16000,8,0.0,-0.0,0,0.800000011920929,0.00019447734374469783,34,0.0,0.0,0.0
61.01969528198242,237.08351135253906,0.0,3.463622456351456,0.0,0.0,8,0,1,16050,8,0.0,-0.0,0,0.800000011920929,0.00022134388485556267,34,0.0,0.0,0.1643
60.87651062011719,237.08035278320312,0.0,3.4213524829237536,0.0,0.0,8,0,1,16100,8,0.0,-0.0,0,0.800000011920929,0.0002624654755394723,34,0.0,0.0,0.0
60.72483825683594,237.07701110839844,0.0,3.389117921716337,0.0,0.0,8,0,1,16150,8,0.0,-0.0,0,0.7792134881019592,0.00024402213226300262,34,0.0,0.0,0.1643
60.56477355957031,237.07342529296875,0.0,3.336879029773797,0.0,0.0,8,0,1,16200,8,0.0,-0.0,0,0.7437774538993835,0.0003025216924577856,34,0.0,0.0,0.0
60.39656066894531,237.0697021484375,0.0,3.2188020136816875,0.0,0.0,8,0,1,16250,8,0.0,-0.0,0,0.7098201513290405,0.00029485278274618554,34,0.0,0.0,0.1643
60.22065353393555,237.06578063964844,0.0,3.0287180032918974,0.0,0.0,8,0,1,16300,8,0.0,-0.0,0,0.6785104870796204,0.00035054213152477254,34,0.0,0.0,0.0
60.03760528564453,237.06173706054688,0.0,2.793191427293247,0.0,0.0,8,0,1,16350,8,0.0,-0.0,0,0.6505189538002014,0.00028139645393708557,34,0.0,0.0,0.1643
59.84807586669922,237.05751037597656,0.0,2.532978353483386,0.0,0.0,8,0,1,16400,8,0.0,-0.0,0,0.6253091096878052,0.00031836498589771223,34,0.0,0.0,0.0
59.65271759033203,237.05319213867188,0.0,2.2625611953723554,0.0,0.0,8,0,1,16450,8,0.0,-0.0,0,0.6031482815742493,0.00024702321955667045,34,0.0,0.0,0.1643
59.45220947265625,237.0487518310547,0.0,1.992464899711453,0.0,0.0,8,0,1,16500,8,0.0,-0.0,0,0.5839170217514038,0.00032049912615741277,34,0.0,0.0,0.1643
59.24721908569336,237.04421997070312,0.0,1.7310521730089061,0.0,0.0,8,0,1,16550,8,0.0,-0.0,0,0.5677109360694885,0.0002217983059762535,34,0.0,0.0,0.0
59.038352966308594,237.03956604003906,0.0,1.484586073755308,0.0,0.0,8,0,1,16600,8,0.0,-0.012261495925486088,0,0.5537154674530029,0.0001978377039221213,34,0.0,0.0,0.0
58.826171875,237.03585815429688,0.0,1.2515871329631862,0.0,0.0,8,0,1,16650,8,0.0,-0.007454764097929001,0,0.5421814322471619,-0.057732592108967015,34,0.0,0.0,0.1643
58.61121368408203,237.0321044921875,0.0,1.0527897827584247,0.0,0.0,8,0,1,16700,8,0.0,-0.006678345613181591,0,0.5319851636886597,-0.05993459356920134,34,0.0,0.0,0.1643
58.3939323425293,237.02835083007812,0.0,0.8681702882267763,0.0,0.0,8,0,1,16750,8,0.0,-0.007411641534417868,0,0.525437593460083,-0.05166756823464508,34,0.0,0.0,0.0
58.17474365234375,237.02471923828125,0.0,0.7074975769406411,0.0,0.0,8,0,1,16800,8,0.0,-0.017040790989995003,0,0.5184239149093628,-0.05386299107173896,34,0.0,0.0,0.1643
57.954002380371094,237.0220184326172,0.0,0.5643965345746337,0.0,0.0,8,0,1,16850,8,0.0,-0.01358006615191698,0,0.5135504603385925,-0.10447120155202512,34,0.0,0.0,0.1643
57.73200988769531,237.01950073242188,0.0,0.4537211293647253,0.0,0.0,8,0,1,16900,8,0.0,-0.005243418272584677,0,0.5092631578445435,-0.10848995628206429,34,0.0,0.0,0.0
57.509033203125,237.01649475097656,0.0,0.35498519824234814,0.0,0.0,8,0,1,16950,8,0.0,-0.002701750723645091,0,0.5055046081542969,-0.0622778476327173,34,0.0,0.0,0.1643
57.285282135009766,237.0132598876953,0.0,0.2707824323349032,0.0,0.0,8,0,1,17000,8,0.0,-0.002843481255695224,0,0.502141535282135,-0.030943351971125983,34,0.0,0.0,0.1643
57.06093978881836,237.010009765625,0.0,0.19984832732692737,0.0,0.0,8,0,1,17050,8,0.0,-0.0,0,0.49921026825904846,-0.023450630352909063,34,0.0,0.0,0.0
56.83617401123047,237.00656127929688,0.0,0.13998701008157968,0.0,0.0,8,0,1,17100,8,0.0,-0.0,0,0.4967333972454071,-0.007495212324406147,34,0.0,0.0,0.1643
56.611106872558594,237.00306701660156,0.0,0.08964740066223091,0.0,0.0,8,0,1,17150,8,0.0,-0.0,0,0.49450212717056274,-0.001159843851084187,34,0.0,0.0,0.0
56.385868072509766,236.99954223632812,0.0,0.0473783338553996,0.0,0.0,8,0,1,17200,8,0.0,-0.0,0,0.4926072657108307,-0.00019325060484146853,34,0.0,0.0,0.1643
56.16053771972656,236.99598693847656,0.0,0.01193385498451488,0.0,0.0,8,0,1,17250,8,0.0,-0.0,0,0.4910149574279785,-1.4733301034297163e-07,34,0.0,0.0,0.1643
55.93520736694336,236.99246215820312,0.0,-0.017513165318012263,0.0,0.0,8,0,1,17300,8,0.0,-0.0,0,0.48971647024154663,-7.48216889546972e-08,34,0.0,0.0,0.0
55.70993423461914,236.98892211914062,0.0,-0.04163726063406223,0.0,0.0,8,0,1,17350,8,0.0,0.0,0,0.48865431547164917,-2.1905431858010305e-07,34,0.0,0.0,0.1643
55.48478317260742,236.9853973388672,0.0,-0.06110989095949118,0.0,0.0,8,0,1,17400,8,0.0,0.0,0,0.48788613080978394,1.8727789243369077e-07,34,0.0,0.0,0.1643
55.259788513183594,236.98187255859375,0.0,-0.07632785464690861,0.0,0.0,8,0,1,17450,8,0.0,0.0,0,0.48736321926116943,-3.687333255939819e-08,34,0.0,0.0,0.0
55.03498840332031,236.9783477783203,0.0,-0.08775505152092053,0.0,0.0,8,0,1,17500,8,0.0,0.0,0,0.4870312213897705,1.3063957157071274e-07,34,0.0,0.0,0.1643
54.81040573120117,236.97483825683594,0.0,-0.0957699696861083,0.0,0.0,8,0,1,17550,8,0.0,0.0,0,0.48688146471977234,-1.6586137273951612e-08,34,0.0,0.0,0.1643
54.58605194091797,236.97132873535156,0.0,-0.10085482480005219,0.0,0.0,8,0,1,17600,8,0.0,0.0030728743877261877,0,0.486892968416214,6.95189940774256e-08,34,0.0,0.0,0.0
54.36194610595703,236.96755981445312,0.0,-0.10363731165492795,0.0,0.0,8,0,1,17650,8,0.0,0.02404014579951763,0,0.4870435297489166,0.016156103630351734,34,0.0,0.0,0.0
54.138153076171875,236.96192932128906,0.0,-0.11795233294259636,0.0,0.0,8,0,1,17700,8,0.0,0.03670695051550865,0,0.4876258075237274,0.13031887121664285,34,0.0,0.0,0.0
53.91468048095703,236.9544219970703,0.0,-0.1191843419255646,0.0,0.0,8,0,1,17750,8,0.0,0.06594622135162354,0,0.488228440284729,0.24134215518869004,34,0.0,0.0,0.0
53.69168472290039,236.9436492919922,0.0,-0.15868238581508073,0.0,0.0,8,0,1,17800,8,0.0,0.09162755310535431,0,0.4898659884929657,0.4189990430358884,34,0.0,0.0,0.2323552882978995
53.46925735473633,236.9291229248047,0.0,-0.17399770027256434,0.0,0.0,8,0,1,17850,8,0.0,0.10578350722789764,0,0.49169471859931946,0.6105690884834523,34,0.0,0.0,0.1643
53.24740219116211,236.91123962402344,0.0,-0.14281513354464026,0.0,0.0,8,0,1,17900,8,0.0,0.1327667087316513,0,0.492953360080719,0.743816222536952,34,0.0,0.0,0.2323552882978995
53.026302337646484,236.88905334472656,0.0,-0.18443641778406325,0.0,0.0,8,0,1,17950,8,0.0,0.15616944432258606,0,0.4955737888813019,0.9081531438862273,34,0.0,0.0,0.1643
52.80609893798828,236.86216735839844,0.0,-0.18175780668133276,0.0,0.0,8,0,1,18000,8,0.0,0.17100079357624054,0,0.49803414940834045,1.0762992361146828,34,0.0,0.0,0.0
52.58677673339844,236.830810546875,0.0,-0.13408616867679352,0.0,0.0,8,0,1,18050,8,0.0,0.17852753400802612,0,0.4997696876525879,1.2012736842559004,34,0.0,0.0,0.1643
52.36824417114258,236.79544067382812,0.0,-0.07393664309312976,0.0,0.0,8,0,1,18100,8,0.0,0.19977456331253052,0,0.5008403062820435,1.2747038780901165,34,0.0,0.0,0.1643
52.150794982910156,236.7551727294922,0.0,-0.12479437873384089,0.0,0.0,8,0,1,18150,8,0.0,0.20803576707839966,0,0.5036793947219849,1.3895757534964368,34,0.0,0.0,0.1643
51.93436813354492,236.71031188964844,0.0,-0.05108461987509022,0.0,0.0,8,0,1,18200,8,0.0,0.23187991976737976,0,0.5046728849411011,1.4719161039179391,34,0.0,0.0,0.1643
51.71935272216797,236.65989685058594,0.0,-0.12231581533658048,0.0,0.0,8,0,1,18250,8,0.0,0.2340439260005951,0,0.5079759955406189,1.5989072916128528,34,0.0,0.0,0.1643
51.50551986694336,236.6047821044922,0.0,0.011848043195508445,0.0,0.0,8,0,1,18300,8,0.0,0.2587610185146332,0,0.507969081401825,1.66059513099628,34,0.0,0.0,0.2323552882978995
51.29339599609375,236.5438232421875,0.0,-0.10086725135673724,0.0,0.0,8,0,1,18350,8,0.0,0.27475154399871826,0,0.5116167068481445,1.7797887794495428,34,0.0,0.0,0.1643
51.083168029785156,236.4768829345703,0.0,-0.05980347364450794,0.0,0.0,8,0,1,18400,8,0.0,0.28595656156539917,0,0.5135639905929565,1.8987632474526799,34,0.0,0.0,0.1643
50.8748664855957,236.4042205810547,0.0,-0.005584248730260977,0.0,0.0,8,0,1,18450,8,0.0,0.26837456226348877,0,0.5148888230323792,1.9882585608792025,34,0.0,0.0,0.2323552882978995
50.66763687133789,236.32749938964844,0.0,0.23332578794905234,0.0,0.0,8,0,1,18500,8,0.0,0.2815703749656677,0,0.5116255283355713,1.9458716695537848,34,0.0,0.0,0.2323552882978995
50.462181091308594,236.2454833984375,0.0,0.06634678499789898,0.0,0.0,8,0,1,18550,8,0.0,0.27649351954460144,0,0.5137899518013,1.9804095359354872,34,0.0,0.0,0.3286
50.25830841064453,236.15882873535156,0.0,0.17160220314196745,0.0,0.0,8,0,1,18600,8,0.0,0.2690953314304352,0,0.5121369361877441,1.9837538254872313,34,0.0,0.0,0.2323552882978995
50.05583953857422,236.0679473876953,0.0,0.21025942907619866,0.0,0.0,8,0,1,18650,8,0.0,0.28401780128479004,0,0.5104534029960632,1.9518233060782377,34,0.0,0.0,0.1643
49.85562515258789,235.97171020507812,0.0,0.050269847676943424,0.0,0.0,8,0,1,18700,8,0.0,0.27874958515167236,0,0.5122702121734619,2.005839009009956,34,0.0,0.0,0.1643
49.65736770629883,235.87088012695312,0.0,0.16268088329860253,0.0,0.0,8,0,1,18750,8,0.0,0.28336289525032043,0,0.5102338790893555,2.013974920254965,34,0.0,0.0,0.2323552882978995
49.46135711669922,235.7651824951172,0.0,0.10709346212072102,0.0,0.0,8,0,1,18800,8,0.0,0.26328834891319275,0,0.5102008581161499,2.033974869207744,34,0.0,0.0,0.3286
49.26678466796875,235.656005859375,0.0,0.26902001464155434,0.0,0.0,8,0,1,18850,8,0.0,0.2686990201473236,0,0.5061053037643433,1.9583267401540196,34,0.0,0.0,0.0
49.074398040771484,235.5424346923828,0.0,0.10956571018552541,0.0,0.0,8,0,1,18900,8,0.0,0.26611554622650146,0,0.5065217018127441,1.951226414421042,34,0.0,0.0,0.1643
48.88427734375,235.42466735839844,0.0,0.12417494768194282,0.0,0.0,8,0,1,18950,8,0.0,0.24119563400745392,0,0.5050800442695618,1.9475252806137096,34,0.0,0.0,0.1643
48.695404052734375,235.3041229248047,0.0,0.2640799750808849,0.0,0.0,8,0,1,19000,8,0.0,0.22342492640018463,0,0.5005905628204346,1.8344437098396933,34,0.0,0.0,0.0
48.50767517089844,235.18109130859375,0.0,0.2207577532422449,0.0,0.0,8,0,1,19050,8,0.0,0.22474318742752075,0,0.4979938566684723,1.7087463000217562,34,0.0,0.0,0.0
48.32195281982422,235.05465698242188,0.0,0.07741108265045837,0.0,0.0,8,0,1,19100,8,0.0,0.23068343102931976,0,0.49782124161720276,1.6749202050850902,34,0.0,0.0,0.1643
48.138816833496094,234.9244842529297,0.0,0.0035222833642053475,0.0,0.0,8,0,1,19150,8,0.0,0.2654668092727661,0,0.4978164732456207,1.697715097616076,34,0.0,0.0,0.1643
47.9599494934082,234.78907775878906,0.0,-0.22859762478581414,0.0,0.0,8,0,1,19200,8,0.0,0.2784368097782135,0,0.5021531581878662,1.8573202499571946,34,0.0,0.0,0.2323552882978995
47.785282135009766,234.6488037109375,0.0,-0.1425111362784115,0.0,0.0,8,0,1,19250,8,0.0,0.3098914623260498,0,0.502864420413971,1.984090402515723,34,0.0,0.0,0.5195622195656648
47.61579513549805,234.5030059814453,0.0,-0.2757886648560163,0.0,0.0,8,0,1,19300,8,0.0,0.3468502461910248,0,0.5074422955513,2.151330952752602,34,0.0,0.0,0.6572
47.45259475708008,234.35118103027344,0.0,-0.37201257029452783,0.0,0.0,8,0,1,19350,8,0.0,0.3776158392429352,0,0.5133361220359802,2.3640747172766856,34,0.0,0.0,0.6774262542889816
47.29618453979492,234.19332885742188,0.0,-0.35097854133604844,0.0,0.0,8,0,1,19400,8,0.0,0.39748990535736084,0,0.5185795426368713,2.5661485988142356,34,0.0,0.0,0.5923920745587334
47.14651107788086,234.02972412109375,0.0,-0.23323887301579704,0.0,0.0,8,0,1,19450,8,0.0,0.41573071479797363,0,0.5217991471290588,2.7179363016240954,34,0.0,0.0,0.5195622195656648
47.00370407104492,233.8605194091797,0.0,-0.16671066084895014,0.0,0.0,8,0,1,19500,8,0.0,0.411143034696579,0,0.5252615213394165,2.8413880545392702,34,0.0,0.0,0.6572
46.86676788330078,233.68641662597656,0.0,0.1091896821191558,0.0,0.0,8,0,1,19550,8,0.0,0.4291748106479645,0,0.5237023830413818,2.8725503522810945,34,0.0,0.0,0.8377689060832946
46.73664093017578,233.50714111328125,0.0,-0.030494760621450068,0.0,0.0,8,0,1,19600,8,0.0,0.44475263357162476,0,0.5276452898979187,2.948788680023217,34,0.0,0.0,0.8847825778121989
46.61391830444336,233.32276916503906,0.0,-0.028509357078345454,0.0,0.0,8,0,1,19650,8,0.0,0.4706040322780609,0,0.530409574508667,3.046084327184155,34,0.0,0.0,0.9857999999999999
46.4996337890625,233.13323974609375,0.0,-0.13318508381786964,0.0,0.0,8,0,1,19700,8,0.0,0.4722836911678314,0,0.5353717803955078,3.1819421223533357,34,0.0,0.0,0.8377689060832946
46.39313888549805,232.9390411376953,0.020408162847161293,0.11911125927578592,0.0,0.0,8,0,1,19750,8,0.0,0.44158634543418884,0,0.5324472784996033,3.252211660126575,34,0.0,0.0,0.9857999999999999
46.29202651977539,232.7410430908203,0.020408162847161293,0.5649950265501504,0.0,0.0,8,0,1,19800,8,0.0,0.4341769516468048,0,0.5226779580116272,3.1622194188046033,34,0.0,0.0,1.1021579061096465
46.19675827026367,232.53927612304688,0.020408162847161293,0.41416321806392564,0.0,0.0,8,0,1,19850,8,0.0,0.4273296594619751,0,0.520416259765625,3.101853992065416,34,0.0,0.0,0.9993978837279974
46.107704162597656,232.33387756347656,0.020408162847161293,0.3594847794768956,0.0,0.0,8,0,1,19900,8,0.0,0.4096485674381256,0,0.5175992846488953,3.0657519419940904,34,0.0,0.0,0.9993978837279974
46.02419662475586,232.12538146972656,0.040816325694322586,0.4376444207927377,0.0,0.0,8,0,1,19950,8,0.0,0.3836003541946411,0,0.5127384662628174,2.9899273545150065,34,0.0,0.0,0.9857999999999999
45.9453010559082,231.91419982910156,0.040816325694322586,0.5052832080343015,0.0,0.0,8,0,1,20000,8,0.0,0.3957032561302185,0,0.5065052509307861,2.8577846626701664,34,0.0,0.0,1.1617764414894975
45.873172760009766,231.70021057128906,0.040816325694322586,0.11364727133585517,0.0,0.0,8,0,1,20050,8,0.0,0.4212442934513092,0,0.5086034536361694,2.8634431440255685,34,0.0,0.0,1.1501000000000001
45.80966567993164,231.48370361328125,0.06122449040412903,-0.14442480485494635,0.0,0.0,8,0,1,20100,8,0.0,0.41780081391334534,0,0.5125576853752136,2.9788719311120864,34,0.0,0.0,1.1501000000000001
45.753841400146484,231.26515197753906,0.06122449040412903,0.065442003944429,0.0,0.0,8,0,1,20150,8,0.0,0.4212815463542938,0,0.510133683681488,3.018709891905202,34,0.0,0.0,1.1617764414894975
45.7056884765625,231.04473876953125,0.06122449040412903,0.03735343040774142,0.0,0.0,8,0,1,20200,8,0.0,0.4180256128311157,0,0.5101063847541809,3.0403675649517523,34,0.0,0.0,1.1501000000000001
45.664955139160156,230.82276916503906,0.06122449040412903,0.09300817453856347,0.0,0.0,8,0,1,20250,8,0.0,0.4264609217643738,0,0.5086824893951416,3.036502976251158,34,0.0,0.0,0.9857999999999999
45.63229751586914,230.5995330810547,0.06122449040412903,-0.020756249165652663,0.0,0.0,8,0,1,20300,8,0.0,0.4105605185031891,0,0.510034441947937,3.066451225046868,34,0.0,0.0,1.1617764414894975
45.60646438598633,230.37522888183594,0.040816325694322586,0.19888733403277192,0.0,0.0,8,0,1,20350,8,0.0,0.3785102367401123,0,0.0,3.0172795632033034,34,0.0,0.0,1.1617764414894975
45.58562469482422,230.1503448486328,0.040816325694322586,0.04987683936607912,0.0,0.0,8,0,1,20400,8,0.0,0.3490641415119171,0,0.0,2.8525678019104914,34,0.0,0.0,1.1501000000000001
45.569149017333984,229.9276580810547,0.040816325694322586,-1.1584487759443185,0.0,0.0,8,0,1,20450,8,0.0,0.31079646944999695,0,0.0,2.6188750367214406,34,0.0,0.0,0.9993978837279974
45.55591583251953,229.7099609375,0.040816325694322586,-2.0513239467888678,0.0,0.0,8,0,1,20500,8,0.0,0.2557724416255951,0,0.0,2.287877183176244,34,0.0,0.0,0.9857999999999999
45.54386520385742,229.4989471435547,0.040816325694322586,-2.5914006278093655,0.0,0.0,8,0,1,20550,8,0.0,0.21728412806987762,0,0.0,1.8551696512265519,34,0.0,0.0,0.9857999999999999
45.53281021118164,229.29576110839844,0.040816325694322586,-3.114120791363524,0.0,0.0,8,0,1,20600,8,0.0,0.18477745354175568,0,0.0,1.4694843733276692,34,0.0,0.0,0.9857999999999999
45.522605895996094,229.1011505126953,0.020408162847161293,-3.4124407158421115,0.0,0.0,8,0,1,20650,8,0.0,0.14390204846858978,0,0.0,1.1546905041021702,34,0.0,0.0,0.9993978837279974
45.51216506958008,228.91542053222656,0.020408162847161293,-3.5062342447814983,0.0,0.0,8,0,1,20700,8,0.0,0.12007365375757217,0,0.0,0.8537063263262592,34,0.0,0.0,0.9857999999999999
45.50188446044922,228.7386016845703,0.020408162847161293,-3.55366862150765,0.0,0.0,8,0,1,20750,8,0.0,0.085093654692173,0,0.0,0.636185408742381,34,0.0,0.0,0.9993978837279974
45.49085998535156,228.57061767578125,0.020408162847161293,-3.4725140861999075,0.0,0.0,8,0,1,20800,8,0.0,0.07637188583612442,0,0.0,0.43223315324104516,34,0.0,0.0,0.9857999999999999
45.480262756347656,228.4111328125,0.020408162847161293,-3.426527202688285,0.0,0.0,8,0,1,20850,8,0.0,0.06654790788888931,0,0.0,0.32585214747169305,34,0.0,0.0,0.9993978837279974
45.47012710571289,228.2599334716797,0.040816325694322586,-3.3018260354496665,0.0,0.0,8,0,1,20900,8,0.0,0.056475162506103516,0,0.0,0.25576763568340793,34,0.0,0.0,0.9857999999999999
45.46031951904297,228.11663818359375,0.040816325694322586,-3.1634409461642825,0.0,0.0,8,0,1,20950,8,0.0,0.04935297742486,0,0.0,0.19682253733950322,34,0.0,0.0,0.9993978837279974
45.4509162902832,227.98092651367188,0.040816325694322586,-3.022823962014457,0.0,0.0,8,0,1,21000,8,0.0,0.036584850400686264,0,0.0,0.1534853401093494,34,0.0,0.0,0.9857999999999999
45.44153594970703,227.8524932861328,0.040816325694322586,-2.8728102863170006,0.0,0.0,8,0,1,21050,8,0.0,0.027448780834674835,0,0.0,0.10638615693293468,34,0.0,0.0,0.9993978837279974
45.43226623535156,227.73092651367188,0.040816325694322586,-2.7326618738051476,0.0,0.0,8,0,1,21100,8,0.0,0.026246968656778336,0,0.0,0.07135764848001275,34,0.0,0.0,0.9857999999999999
45.42349624633789,227.61593627929688,0.040816325694322586,-2.5962179085387973,0.0,0.0,8,0,1,21150,8,0.0,0.027352159842848778,0,0.0,0.058083145123702606,34,0.0,0.0,0.9857999999999999
45.41535186767578,227.5071258544922,0.040816325694322586,-2.4606235893941313,0.0,0.0,8,0,1,21200,8,0.0,0.033403120934963226,0,0.0,0.05342834579591235,34,0.0,0.0,0.9993978837279974
